<?xml version="1.0" encoding="UTF-8"?>
<project-private xmlns="http://www.netbeans.org/ns/project-private/1">
    <data xmlns="http://www.netbeans.org/ns/make-project-private/1">
        <activeConfTypeElem>1</activeConfTypeElem>
        <activeConfIndexElem>0</activeConfIndexElem>
    </data>
    <editor-bookmarks xmlns="http://www.netbeans.org/ns/editor-bookmarks/2" lastBookmarkId="0"/>
    <open-files xmlns="http://www.netbeans.org/ns/projectui-open-files/2">
        <group>
            <file>file:/C:/Users/songqr/Desktop/TapAPI_20161111_V9/api/include/TapAPICommDef.h</file>
            <file>file:/C:/Users/songqr/Desktop/TapAPI_20161111_V9/demo/TapAPI_Demo/code/Demo/TapQuoteAPI/Demo.cpp</file>
            <file>file:/C:/Users/songqr/Desktop/TapAPI_20161111_V9/demo/TapAPI_Demo/code/Demo/TapQuoteAPI/QuoteConfig.h</file>
        </group>
    </open-files>
</project-private>
